{"type": "block", "layer": 0, "block": 0, "features": [{"geom": {"triangles": {"v": [-936.159888277878, -93.58795254584402, 0.0, -935.972388277878, -95.58795254584402, 0.0, -935.972388277878, -91.08795254584402, 0.0, -935.409888277878, -89.08795254584402, 0.0, -935.409888277878, -98.08795254584402, 0.0, -934.472388277878, -87.08795254584402, 0.0, -934.472388277878, -100.08795254584402, 0.0, -933.222388277878, -84.58795254584402, 0.0, -933.222388277878, -102.08795254584402, 0.0, -931.597388277878, -104.58795254584402, 0.0, -931.597388277878, -82.58795254584402, 0.0, -929.659888277878, -80.58795254584402, 0.0, -929.659888277878, -106.58795254584402, 0.0, -927.347388277878, -108.58795254584402, 0.0, -927.347388277878, -78.58795254584402, 0.0, -924.722388277878, -110.58795254584402, 0.0, -924.722388277878, -76.58795254584402, 0.0, -921.847388277878, -112.08795254584402, 0.0, -921.847388277878, -74.58795254584402, 0.0, -918.597388277878, -114.08795254584402, 0.0, -918.597388277878, -73.08795254584402, 0.0, -915.034888277878, -71.08795254584402, 0.0, -915.034888277878, -115.58795254584402, 0.0, -911.222388277878, -69.58795254584402, 0.0, -911.222388277878, -117.58795254584402, 0.0, -907.222388277878, -119.08795254584402, 0.0, -907.222388277878, -68.08795254584402, 0.0, -902.909888277878, -120.08795254584402, 0.0, -902.909888277878, -66.58795254584402, 0.0, -898.409888277878, -121.58795254584402, 0.0, -898.409888277878, -65.58795254584402, 0.0, -893.659888277878, -122.58795254584402, 0.0, -893.659888277878, -64.08795254584402, 0.0, -888.784888277878, -63.08795254584402, 0.0, -888.784888277878, -123.58795254584402, 0.0, -883.722388277878, -124.58795254584402, 0.0, -883.722388277878, -62.08795254584402, 0.0, -878.472388277878, -125.58795254584402, 0.0, -873.159888277878, -126.08795254584402, 0.0, -878.472388277878, -61.58795254584402, 0.0, -867.784888277878, -126.58795254584402, 0.0, -873.159888277878, -60.58795254584402, 0.0, -867.784888277878, -60.08795254584402, 0.0, -862.284888277878, -60.08795254584402, 0.0, -856.722388277878, -59.58795254584402, 0.0, -851.222388277878, -59.58795254584402, 0.0, -845.659888277878, -59.58795254584402, 0.0, -840.097388277878, -60.08795254584402, 0.0, -834.597388277878, -60.08795254584402, 0.0, -829.222388277878, -60.58795254584402, 0.0, -823.909888277878, -61.58795254584402, 0.0, -818.722388277878, -62.08795254584402, 0.0, -851.222388277878, -127.08795254584402, 0.0, -856.722388277878, -127.08795254584402, 0.0, -862.284888277878, -127.08795254584402, 0.0, -813.659888277878, -63.08795254584402, 0.0, -823.909888277878, -125.58795254584402, 0.0, -818.722388277878, -124.58795254584402, 0.0, -813.659888277878, -123.58795254584402, 0.0, -808.722388277878, -64.08795254584402, 0.0, -808.722388277878, -122.58795254584402, 0.0, -804.034888277878, -65.58795254584402, 0.0, -804.034888277878, -121.58795254584402, 0.0, -799.472388277878, -66.58795254584402, 0.0, -799.472388277878, -120.08795254584402, 0.0, -795.222388277878, -68.08795254584402, 0.0, -795.222388277878, -119.08795254584402, 0.0, -791.159888277878, -69.58795254584402, 0.0, -791.159888277878, -117.58795254584402, 0.0, -787.347388277878, -71.08795254584402, 0.0, -787.347388277878, -115.58795254584402, 0.0, -783.784888277878, -73.08795254584402, 0.0, -783.784888277878, -114.08795254584402, 0.0, -780.597388277878, -74.58795254584402, 0.0, -780.597388277878, -112.08795254584402, 0.0, -777.659888277878, -110.58795254584402, 0.0, -777.659888277878, -76.58795254584402, 0.0, -775.034888277878, -78.58795254584402, 0.0, -775.034888277878, -108.58795254584402, 0.0, -772.722388277878, -80.58795254584402, 0.0, -772.722388277878, -106.58795254584402, 0.0, -770.784888277878, -82.58795254584402, 0.0, -770.784888277878, -104.58795254584402, 0.0, -769.159888277878, -84.58795254584402, 0.0, -769.159888277878, -102.08795254584402, 0.0, -767.909888277878, -100.08795254584402, 0.0, -767.909888277878, -87.08795254584402, 0.0, -766.972388277878, -89.08795254584402, 0.0, -766.972388277878, -98.08795254584402, 0.0, -766.472388277878, -95.58795254584402, 0.0, -766.472388277878, -91.08795254584402, 0.0, -766.284888277878, -93.58795254584402, 0.0, -834.597388277878, -126.58795254584402, 0.0, -829.222388277878, -126.08795254584402, 0.0, -845.659888277878, -127.08795254584402, 0.0, -840.097388277878, -127.08795254584402, 0.0], "f": [0, 1, 2, 3, 2, 1, 3, 1, 4, 5, 3, 4, 5, 4, 6, 7, 5, 6, 7, 6, 8, 7, 8, 9, 7, 9, 10, 11, 10, 9, 11, 9, 12, 11, 12, 13, 11, 13, 14, 14, 13, 15, 14, 15, 16, 16, 15, 17, 16, 17, 18, 18, 17, 19, 18, 19, 20, 21, 20, 19, 21, 19, 22, 23, 21, 22, 23, 22, 24, 23, 24, 25, 23, 25, 26, 26, 25, 27, 26, 27, 28, 28, 27, 29, 28, 29, 30, 30, 29, 31, 30, 31, 32, 33, 32, 31, 33, 31, 34, 33, 34, 35, 33, 35, 36, 36, 35, 37, 36, 37, 38, 38, 39, 36, 39, 38, 40, 39, 40, 41, 41, 40, 42, 42, 40, 43, 43, 40, 44, 44, 40, 45, 46, 45, 40, 47, 46, 40, 48, 47, 40, 49, 48, 40, 50, 49, 40, 51, 50, 40, 40, 52, 51, 40, 53, 52, 53, 40, 54, 52, 55, 51, 56, 55, 52, 57, 55, 56, 57, 58, 55, 55, 58, 59, 58, 60, 59, 59, 60, 61, 60, 62, 61, 61, 62, 63, 62, 64, 63, 63, 64, 65, 64, 66, 65, 65, 66, 67, 66, 68, 67, 67, 68, 69, 68, 70, 69, 69, 70, 71, 70, 72, 71, 71, 72, 73, 72, 74, 73, 73, 74, 75, 76, 73, 75, 76, 75, 77, 75, 78, 77, 77, 78, 79, 78, 80, 79, 79, 80, 81, 80, 82, 81, 81, 82, 83, 82, 84, 83, 83, 84, 85, 86, 83, 85, 86, 85, 87, 85, 88, 87, 87, 88, 89, 90, 87, 89, 90, 89, 91, 92, 56, 52, 93, 56, 92, 94, 92, 52, 95, 92, 94]}, "centroids": [[-851.19532890548, -93.47091840580106, 0.0]]}, "mtl": 0, "lbl": "COT", "lh": 200.0}], "featureCount": 1, "startIndex": 0}