{"type": "block", "layer": 1, "block": 0, "features": [{"geom": {"pts": [[-199.3679600105388, 76.399244396016, 2.0]], "r": 10}, "mtl": 0, "lbl": "ESTACIONAMENTO", "lh": 150.0}, {"geom": {"pts": [[725.0417631499004, 177.13620140682906, 2.0]], "r": 10}, "mtl": 0, "lbl": "ZPH", "lh": 150.0}, {"geom": {"pts": [[867.2586436361307, 364.7834742702544, 2.0]], "r": 10}, "mtl": 0, "lbl": "ESTACIONAMENTO", "lh": 150.0}, {"geom": {"pts": [[-495.6531276900787, -154.70318639464676, 2.0]], "r": 10}, "mtl": 0, "lbl": "ARQUIBANCADAS", "lh": 150.0}], "featureCount": 4, "startIndex": 0}